"Timestamp","Message","MessageNumber","Queue Size","Queue Difference Metric","Latency (ms)","Message Size (bytes)","Throughput (messages/sec)","Used Memory (bytes)"
"2023-08-23T12:39:58.014568","hello","0","316","2","1001","7","0.007125806106815833","54513768"
"2023-08-23T12:39:59.239853","hello","1","804","387","1000","7","0.790513833992095","72487320"
"2023-08-23T12:40:00.369607","hello","2","1310","826","1000","7","0.8156606851549756","26423256"
"2023-08-23T12:40:01.644220","hello","3","1838","328","1000","7","0.7662835249042146","35279792"
"2023-08-23T12:40:02.905235","hello","4","2295","863","1000","7","0.7716049382716049","50045144"
"2023-08-23T12:40:04.192058","hello","5","2294","294","1000","7","0.7930214115781127","60759296"
"2023-08-23T12:40:05.457448","hello","6","2293","293","1000","7","0.778816199376947","71659208"
"2023-08-23T12:40:06.755179","hello","7","2292","292","1000","7","0.7911392405063291","27258104"
"2023-08-23T12:40:08.011934","hello","8","2291","291","1001","7","0.7757951900698216","41869064"
"2023-08-23T12:40:09.282482","hello","9","2290","290","1001","7","0.7782101167315175","52664688"
"2023-08-23T12:40:10.572461","hello","10","2289","289","1000","8","0.7930214115781127","63517576"
"2023-08-23T12:40:11.833420","hello","11","2288","288","1000","8","0.8","74032568"
"2023-08-23T12:40:13.095967","hello","12","2287","287","1000","8","0.8019246190858058","29061080"
"2023-08-23T12:40:14.338189","hello","13","2286","286","1001","8","0.8006405124099278","40112016"
"2023-08-23T12:40:15.571744","hello","14","2285","285","1000","8","0.7980845969672786","50757272"
"2023-08-23T12:40:16.828711","hello","15","2284","284","1000","8","0.8077544426494346","61555200"
"2023-08-23T12:40:18.067970","hello","16","2283","283","1001","8","0.7824726134585289","76299528"
"2023-08-23T12:40:19.344522","hello","17","2282","282","1000","8","0.7942811755361399","32577144"
"2023-08-23T12:40:20.619175","hello","18","2281","281","1000","8","0.7980845969672786","43537672"
"2023-08-23T12:40:21.863354","hello","19","2280","280","1000","8","0.790513833992095","54046088"
"2023-08-23T12:40:23.122971","hello","20","2279","279","1000","8","0.8190008190008189","64896856"
"2023-08-23T12:40:24.344803","hello","21","2278","278","1001","8","0.7917656373713381","76126240"
"2023-08-23T12:40:25.606158","hello","22","2277","277","1000","8","0.8006405124099278","31766432"
"2023-08-23T12:40:26.870834","hello","23","2276","276","1000","8","0.7993605115907275","42894768"
"2023-08-23T12:40:28.117710","hello","24","2275","275","1001","8","0.78125","57736352"
"2023-08-23T12:40:29.394509","hello","25","2274","274","1000","8","0.7861635220125786","68354632"
"2023-08-23T12:40:30.658041","hello","26","2273","273","1000","8","0.7980845969672786","79521256"
"2023-08-23T12:40:31.916974","hello","27","2272","272","1000","8","0.7892659826361484","35554896"
"2023-08-23T12:40:33.191589","hello","28","2271","271","1001","8","0.7621951219512195","50658144"
"2023-08-23T12:40:34.497744","hello","29","2270","270","1000","8","0.7824726134585289","61470112"
"2023-08-23T12:40:35.804805","hello","30","2269","269","1000","8","0.7479431563201197","72639480"
"2023-08-23T12:40:37.116696","hello","31","2268","268","1000","8","0.7930214115781127","28751368"
"2023-08-23T12:40:38.387945","hello","32","2267","267","1000","8","0.7097232079488999","43871392"
"2023-08-23T12:40:39.826879","hello","33","2266","266","1000","8","0.7541478129713424","54494544"
"2023-08-23T12:40:41.119964","hello","34","2263","264","1000","8","0.7369196757553427","65995728"
"2023-08-23T12:40:42.482601","hello","35","2261","262","1000","8","0.753012048192771","77471016"
"2023-08-23T12:40:43.806664","hello","36","2258","260","1000","8","0.7716049382716049","33896640"
"2023-08-23T12:40:45.118947","hello","37","2255","257","1000","8","0.6858710562414266","45256960"
"2023-08-23T12:40:46.677534","hello","38","2252","254","1000","8","0.6218905472636815","56464176"
"2023-08-23T12:40:48.148443","hello","39","2249","251","1000","8","0.790513833992095","71458968"
"2023-08-23T12:40:49.414222","hello","40","2246","248","1000","8","0.7575757575757576","27080664"
"2023-08-23T12:40:50.744875","hello","41","2243","245","1000","8","0.8084074373484236","39066424"
"2023-08-23T12:40:51.967348","hello","42","2240","242","1001","8","0.8143322475570033","50411696"
"2023-08-23T12:40:53.195253","hello","43","2237","239","1000","8","0.8143322475570033","61750680"
"2023-08-23T12:40:54.421645","hello","44","2234","236","1000","8","0.8090614886731392","73100080"
"2023-08-23T12:40:55.666691","hello","45","2231","233","1001","8","0.7942811755361399","29334752"
"2023-08-23T12:40:56.928733","hello","46","2228","230","1000","8","0.7987220447284346","40535608"
"2023-08-23T12:40:58.177409","hello","47","2225","227","1000","8","0.7911392405063291","55986808"
"2023-08-23T12:40:59.437889","hello","48","2222","224","1000","8","0.7886435331230284","67624968"
"2023-08-23T12:41:00.723497","hello","49","2219","221","1000","8","0.8045052292839903","78799552"
"2023-08-23T12:41:01.954485","hello","50","2216","218","1000","8","0.8038585209003215","35935224"
"2023-08-23T12:41:03.197891","hello","51","2213","215","1000","8","0.8176614881439084","50501216"
"2023-08-23T12:41:04.411585","hello","52","2210","212","1001","8","0.8244023083264632","62747568"
"2023-08-23T12:41:05.630429","hello","53","2207","209","1001","8","0.8077544426494346","74388720"
"2023-08-23T12:41:06.865666","hello","54","2204","206","1000","8","0.8064516129032259","31316008"
"2023-08-23T12:41:08.119939","hello","55","2201","203","1000","8","0.7961783439490446","44229152"
"2023-08-23T12:41:09.377482","hello","56","2198","200","1000","8","0.7974481658692185","58422040"
"2023-08-23T12:41:10.615772","hello","57","2195","197","1001","8","0.8203445447087776","70091896"
"2023-08-23T12:41:11.831347","hello","58","2192","194","1000","8","0.8216926869350862","27646912"
"2023-08-23T12:41:13.062220","hello","59","2189","191","1000","8","0.8103727714748784","39792400"
"2023-08-23T12:41:14.292696","hello","60","2186","188","1001","8","0.8032128514056224","51456128"
"2023-08-23T12:41:15.531895","hello","61","2183","185","1000","8","0.8143322475570033","63884264"
"2023-08-23T12:41:16.765144","hello","62","2180","182","1000","8","0.8130081300813008","76029864"
"2023-08-23T12:41:17.994407","hello","63","2177","179","1001","8","0.8130081300813008","33659904"
"2023-08-23T12:41:19.233096","hello","64","2174","176","1000","8","0.7739938080495355","48972512"
"2023-08-23T12:41:20.514852","hello","65","2171","173","1000","8","0.8045052292839903","60857424"
"2023-08-23T12:41:21.755363","hello","66","2168","170","1001","8","0.8183306055646481","73227864"
"2023-08-23T12:41:22.976596","hello","67","2165","167","1001","8","0.8210180623973727","30059808"
"2023-08-23T12:41:24.201121","hello","68","2162","164","1001","8","0.8064516129032259","42395152"
"2023-08-23T12:41:25.435616","hello","69","2159","161","1000","8","0.8203445447087776","54773392"
"2023-08-23T12:41:26.656901","hello","70","2156","158","1001","8","0.8183306055646481","67072224"
"2023-08-23T12:41:27.876392","hello","71","2153","155","1000","8","0.8156606851549756","79606728"
"2023-08-23T12:41:29.105476","hello","72","2150","152","1001","8","0.8130081300813008","39335584"
"2023-08-23T12:41:30.342676","hello","73","2147","149","1001","8","0.8045052292839903","51810120"
"2023-08-23T12:41:31.571435","hello","74","2144","146","1001","8","0.8257638315441783","64249864"
"2023-08-23T12:41:32.782882","hello","75","2141","143","1000","8","0.8305647840531561","79930360"
"2023-08-23T12:41:33.999439","hello","76","2138","140","1000","8","0.7993605115907275","37342616"
"2023-08-23T12:41:35.247138","hello","77","2135","137","1001","8","0.8230452674897119","49630040"
"2023-08-23T12:41:36.452790","hello","78","2132","134","1000","8","0.8291873963515755","62407608"
"2023-08-23T12:41:37.659893","hello","79","2129","131","1001","8","0.7980845969672786","75431672"
"2023-08-23T12:41:38.938778","hello","80","2126","128","1000","8","0.8051529790660226","35389816"
"2023-08-23T12:41:40.164014","hello","81","2123","125","1000","8","0.8143322475570033","47808624"
"2023-08-23T12:41:41.384364","hello","82","2120","122","1001","8","0.8305647840531561","60206904"
"2023-08-23T12:41:42.595115","hello","83","2117","119","1000","8","0.8223684210526316","73123080"
"2023-08-23T12:41:43.807729","hello","84","2114","116","1001","8","0.8203445447087776","31334112"
"2023-08-23T12:41:45.031395","hello","85","2111","113","1001","8","0.8210180623973727","43806248"
"2023-08-23T12:41:46.244142","hello","86","2108","110","1000","8","0.8097165991902834","56799600"
"2023-08-23T12:41:47.475576","hello","87","2105","107","1000","8","0.8257638315441783","69477136"
"2023-08-23T12:41:48.699092","hello","88","2102","104","1000","8","0.8038585209003215","30276240"
"2023-08-23T12:41:49.940975","hello","89","2099","101","1000","8","0.8190008190008189","43287904"
"2023-08-23T12:41:51.177255","hello","90","2096","98","1000","8","0.7898894154818326","56223064"
"2023-08-23T12:41:52.416742","hello","91","2093","95","1000","8","0.828500414250207","69184728"
"2023-08-23T12:41:53.627137","hello","92","2090","92","1000","8","0.8190008190008189","27274464"
"2023-08-23T12:41:54.860188","hello","93","2087","89","1001","8","0.8051529790660226","40303056"
"2023-08-23T12:41:56.089979","hello","94","2084","86","1000","8","0.8116883116883117","53293832"
"2023-08-23T12:41:57.320785","hello","95","2081","83","1000","8","0.8136696501220504","66487632"
"2023-08-23T12:41:58.548597","hello","96","2078","80","1001","8","0.7849293563579278","28542792"
"2023-08-23T12:41:59.832721","hello","97","2075","77","1001","8","0.8130081300813008","41636040"
"2023-08-23T12:42:01.052554","hello","98","2072","74","1000","8","0.8375209380234506","54624352"
"2023-08-23T12:42:02.243680","hello","99","2069","71","1000","8","0.8250825082508251","68092400"
"2023-08-23T12:42:03.463349","lol","0","2066","68","1000","5","0.8203445447087776","28427472"
"2023-08-23T12:42:04.685643","lol","1","2063","65","1000","5","0.8264462809917356","41904400"
"2023-08-23T12:42:05.889969","lol","2","2060","62","1000","5","0.8291873963515755","54863240"
"2023-08-23T12:42:07.095607","lol","3","2057","59","1000","5","0.8097165991902834","68439336"
"2023-08-23T12:42:08.341166","lol","4","2054","56","1000","5","0.7930214115781127","27359800"
"2023-08-23T12:42:09.604403","lol","5","2051","53","1000","5","0.8169934640522876","43605056"
"2023-08-23T12:42:10.815365","lol","6","2048","50","1000","5","0.828500414250207","57159152"
"2023-08-23T12:42:12.023528","lol","7","2045","47","1000","5","0.8110300081103","70219160"
"2023-08-23T12:42:13.255396","lol","8","2042","44","1001","5","0.8216926869350862","27603152"
"2023-08-23T12:42:14.480750","lol","9","2039","41","1000","5","0.8257638315441783","41762856"
"2023-08-23T12:42:15.686332","lol","10","2036","38","1000","6","0.8210180623973727","55040592"
"2023-08-23T12:42:16.914266","lol","11","2033","35","1000","6","0.819672131147541","68620952"
"2023-08-23T12:42:18.122672","lol","12","2030","32","1000","6","0.8278145695364238","27269848"
"2023-08-23T12:42:19.338045","lol","13","2027","29","1000","6","0.8097165991902834","43989320"
"2023-08-23T12:42:20.563880","lol","14","2024","26","1000","6","0.8156606851549756","57628280"
"2023-08-23T12:42:21.790879","lol","15","2021","23","1000","6","0.819672131147541","70787928"
"2023-08-23T12:42:23.012832","lol","16","2018","20","1001","6","0.831946755407654","29865200"
"2023-08-23T12:42:24.218221","lol","17","2015","17","1000","6","0.8264462809917356","44045272"
"2023-08-23T12:42:25.422788","lol","18","2012","14","1001","6","0.8084074373484236","57643400"
"2023-08-23T12:42:26.664683","lol","19","2009","11","1000","6","0.828500414250207","71196088"
"2023-08-23T12:42:27.874473","lol","20","2006","8","1000","6","0.819672131147541","30147032"
"2023-08-23T12:42:29.097271","lol","21","2003","5","1000","6","0.8116883116883117","46741048"
"2023-08-23T12:42:30.324375","lol","22","2000","2","1000","6","0.8230452674897119","60994712"
"2023-08-23T12:42:31.535065","lol","23","1997","999","1001","6","0.8278145695364238","74633248"
"2023-08-23T12:42:32.744401","lol","24","1925","996","181000","6","0.0027683040262213754","75996440"
"2023-08-23T12:48:33.998742","lol","25","1924","924","1001","6","0.8071025020177562","35090544"
"2023-08-23T12:48:35.233227","lol","26","1923","923","1000","6","0.8103727714748784","49564344"
"2023-08-23T12:48:36.454525","lol","27","1922","922","1000","6","0.8143322475570033","63255512"
"2023-08-23T12:48:37.679950","lol","28","1921","921","1000","6","0.7987220447284346","77941384"
"2023-08-23T12:48:38.931463","lol","29","1920","920","1000","6","0.8051529790660226","36712256"
"2023-08-23T12:48:40.179367","lol","30","1919","919","1000","6","0.790513833992095","50927784"
"2023-08-23T12:48:41.437849","lol","31","1918","918","1000","6","0.8045052292839903","68292408"
"2023-08-23T12:48:42.679102","lol","32","1917","917","1000","6","0.8045052292839903","27664472"
"2023-08-23T12:48:43.934931","lol","33","1916","916","1000","6","0.7923930269413629","41428160"
"2023-08-23T12:48:45.186635","lol","34","1915","915","1001","6","0.8012820512820513","56141928"
"2023-08-23T12:48:46.563310","lol","35","1914","914","1001","6","0.6963788300835655","70369248"
"2023-08-23T12:48:47.876283","lol","36","1913","913","1000","6","0.7993605115907275","28905816"
"2023-08-23T12:48:49.134268","lol","37","1912","912","1001","6","0.7942811755361399","43740072"
"2023-08-23T12:48:50.379753","lol","38","1911","911","1000","6","0.7974481658692185","58029176"
"2023-08-23T12:48:51.634338","lol","39","1910","910","1000","6","0.8143322475570033","75244848"
"2023-08-23T12:48:52.860962","lol","40","1909","909","1001","6","0.8136696501220504","34145648"
"2023-08-23T12:48:54.100019","lol","41","1908","908","1000","6","0.794912559618442","48945328"
"2023-08-23T12:48:55.348748","lol","42","1907","907","1000","6","0.8071025020177562","63156312"
"2023-08-23T12:48:56.587084","lol","43","1906","906","1000","6","0.8012820512820513","77364352"
"2023-08-23T12:48:57.837122","lol","44","1905","905","1000","6","0.7987220447284346","37368760"
"2023-08-23T12:48:59.105346","lol","45","1904","904","1001","6","0.8019246190858058","51357416"
"2023-08-23T12:49:00.337176","lol","46","1903","903","1000","6","0.8097165991902834","66423072"
"2023-08-23T12:49:01.568317","lol","47","1902","902","1000","6","0.8012820512820513","28889200"
"2023-08-23T12:49:02.832124","lol","48","1901","901","1001","6","0.7751937984496123","46158992"
"2023-08-23T12:49:04.106084","lol","49","1900","900","1001","6","0.8156606851549756","60864544"
"2023-08-23T12:49:05.332831","lol","50","1899","899","1000","6","0.8032128514056224","76071192"
"2023-08-23T12:49:06.578192","lol","51","1898","898","1000","6","0.8097165991902834","35279200"
"2023-08-23T12:49:07.823480","lol","52","1897","897","1000","6","0.8116883116883117","50075616"
"2023-08-23T12:49:09.047394","lol","53","1896","896","1001","6","0.8058017727639","65277032"
"2023-08-23T12:49:10.289186","lol","54","1895","895","1000","6","0.8136696501220504","79504960"
"2023-08-23T12:49:11.550876","lol","55","1894","894","1000","6","0.7886435331230284","41877616"
"2023-08-23T12:49:12.783626","lol","56","1893","893","1000","6","0.7936507936507936","56554856"
"2023-08-23T12:49:14.043285","lol","57","1892","892","1001","6","0.8025682182985554","71879768"
"2023-08-23T12:49:15.296721","lol","58","1891","891","1002","6","0.8051529790660226","31509408"
"2023-08-23T12:49:16.625618","lol","59","1889","890","1000","6","0.7380073800738007","45850616"
"2023-08-23T12:49:17.885831","lol","60","1887","888","1000","6","0.8084074373484236","61445552"
"2023-08-23T12:49:19.122487","lol","61","1885","886","1000","6","0.8038585209003215","76179344"
"2023-08-23T12:49:20.373967","lol","62","1883","884","1000","6","0.7993605115907275","36449056"
"2023-08-23T12:49:21.683274","lol","63","1881","882","1000","6","0.7733952049497294","53926256"
"2023-08-23T12:49:22.911087","lol","64","1879","880","1000","6","0.8110300081103","68780128"
"2023-08-23T12:49:24.144104","lol","65","1877","878","1000","6","0.8103727714748784","28864360"
"2023-08-23T12:49:25.388651","lol","66","1875","876","1000","6","0.7917656373713381","43667296"
"2023-08-23T12:49:26.644139","lol","67","1873","874","1000","6","0.8064516129032259","59122664"
"2023-08-23T12:49:27.881227","lol","68","1871","872","1001","6","0.8025682182985554","74167552"
"2023-08-23T12:49:29.128790","lol","69","1869","870","1001","6","0.819672131147541","33765800"
"2023-08-23T12:49:30.361586","lol","70","1867","868","1000","6","0.8","49690648"
"2023-08-23T12:49:31.601779","lol","71","1865","866","1000","6","0.8071025020177562","67497680"
"2023-08-23T12:49:32.847802","lol","72","1863","864","1000","6","0.8019246190858058","31210368"
"2023-08-23T12:49:34.126992","lol","73","1861","862","1000","6","0.7923930269413629","46637160"
"2023-08-23T12:49:35.349815","lol","74","1859","860","1001","6","0.8110300081103","62074664"
"2023-08-23T12:49:36.577479","lol","75","1857","858","1000","6","0.8110300081103","76844320"
"2023-08-23T12:49:37.815908","lol","76","1855","856","1000","6","0.8051529790660226","37178912"
"2023-08-23T12:49:39.065927","lol","77","1853","854","1000","6","0.8","52675712"
"2023-08-23T12:49:40.306782","lol","78","1851","852","1001","6","0.8071025020177562","67502816"
"2023-08-23T12:49:41.544776","lol","79","1849","850","1000","6","0.7974481658692185","31345960"
"2023-08-23T12:49:42.804617","lol","80","1847","848","1000","6","0.7961783439490446","47174376"
"2023-08-23T12:49:44.070328","lol","81","1845","846","1001","6","0.7961783439490446","61933520"
"2023-08-23T12:49:45.310325","lol","82","1843","844","999","6","0.8045052292839903","77496704"
"2023-08-23T12:49:46.639731","lol","83","1841","842","1000","6","0.748502994011976","37696552"
"2023-08-23T12:49:47.888154","lol","84","1839","840","1000","6","0.8176614881439084","53448624"
"2023-08-23T12:49:49.111431","lol","85","1837","838","1000","6","0.8077544426494346","69344072"
"2023-08-23T12:49:50.360613","lol","86","1835","836","1000","6","0.7980845969672786","30052304"
"2023-08-23T12:49:51.614570","lol","87","1833","834","1000","6","0.7880220646178093","48127704"
"2023-08-23T12:49:52.876440","lol","88","1831","832","1000","6","0.8090614886731392","64446608"
"2023-08-23T12:49:54.117614","lol","89","1829","830","1000","6","0.8103727714748784","79978864"
"2023-08-23T12:49:55.346127","lol","90","1827","828","1000","6","0.8163265306122448","39692712"
"2023-08-23T12:49:56.567847","lol","91","1825","826","1001","6","0.8210180623973727","55215816"
"2023-08-23T12:49:57.807635","lol","92","1823","824","1001","6","0.7980845969672786","71353856"
"2023-08-23T12:49:59.037735","lol","93","1821","822","1000","6","0.8110300081103","32313712"
"2023-08-23T12:50:00.279891","lol","94","1819","820","1000","6","0.8169934640522876","48272352"
"2023-08-23T12:50:01.494950","lol","95","1817","818","1000","6","0.8032128514056224","64203256"
"2023-08-23T12:50:02.744288","lol","96","1815","816","1000","6","0.8064516129032259","30726440"
"2023-08-23T12:50:03.989551","lol","97","1813","814","1000","6","0.7917656373713381","46191704"
"2023-08-23T12:50:05.255312","lol","98","1811","812","1000","6","0.8","62723760"
"2023-08-23T12:50:06.498410","lol","99","1809","810","1000","6","0.8071025020177562","78205176"
"2023-08-23T12:50:07.739406","lol","100","1807","808","1000","7","0.8051529790660226","38751376"
"2023-08-23T12:50:08.974765","lol","101","1805","806","1000","7","0.7974481658692185","54681960"
"2023-08-23T12:50:10.228558","lol","102","1803","804","1000","7","0.8298755186721991","70617912"
"2023-08-23T12:50:11.431688","lol","103","1801","802","1001","7","0.8216926869350862","31418192"
"2023-08-23T12:50:12.659700","lol","104","1799","800","1001","7","0.8077544426494346","50197280"
"2023-08-23T12:50:13.888279","lol","105","1797","798","1001","7","0.831946755407654","66245016"
"2023-08-23T12:50:15.091548","lol","106","1795","796","1000","7","0.8237232289950577","27836096"
"2023-08-23T12:50:16.315181","lol","107","1793","794","1000","7","0.8203445447087776","43415816"
"2023-08-23T12:50:17.531662","lol","108","1791","792","1000","7","0.819672131147541","60288952"
"2023-08-23T12:50:18.750497","lol","109","1789","790","1000","7","0.8071025020177562","75886504"
"2023-08-23T12:50:19.985206","lol","110","1787","788","1000","7","0.828500414250207","36474608"
"2023-08-23T12:50:21.211836","lol","111","1785","786","1000","7","0.8019246190858058","52504600"
"2023-08-23T12:50:22.432003","lol","112","1783","784","1000","7","0.8110300081103","71641936"
"2023-08-23T12:50:23.670525","lol","113","1781","782","1001","7","0.8250825082508251","33737920"
"2023-08-23T12:50:24.913073","lol","114","1779","780","1000","7","0.7923930269413629","49734208"
"2023-08-23T12:50:26.150953","lol","115","1777","778","1001","7","0.7980845969672786","65747400"
"2023-08-23T12:50:27.398920","lol","116","1775","776","1001","7","0.8110300081103","27511480"
"2023-08-23T12:50:28.644441","lol","117","1773","774","1000","7","0.7911392405063291","43517080"
"2023-08-23T12:50:29.900620","lol","118","1771","772","1000","7","0.7818608287724785","60262184"
"2023-08-23T12:50:31.173358","lol","119","1769","770","1000","7","0.8103727714748784","76988448"
"2023-08-23T12:50:32.422775","lol","120","1767","768","1000","7","0.7955449482895784","39926168"
"2023-08-23T12:50:33.676045","lol","121","1765","766","1000","7","0.8025682182985554","59850656"
"2023-08-23T12:50:34.912211","lol","122","1763","764","1000","7","0.8156606851549756","76359392"
"2023-08-23T12:50:36.141333","lol","123","1761","762","1000","7","0.7923930269413629","37881136"
"2023-08-23T12:50:37.409187","lol","124","1759","760","1000","7","0.8032128514056224","54033864"
"2023-08-23T12:50:38.646497","lol","125","1757","758","1000","7","0.8149959250203749","70672528"
"2023-08-23T12:50:39.873832","lol","126","1755","756","1000","7","0.7917656373713381","32735608"
"2023-08-23T12:50:41.146132","lol","127","1753","754","1000","7","0.8110300081103","49485200"
"2023-08-23T12:50:42.367092","lol","128","1751","752","1000","7","0.8136696501220504","68856464"
"2023-08-23T12:50:43.605135","lol","129","1749","750","1000","7","0.8183306055646481","30500488"
"2023-08-23T12:50:44.836528","lol","130","1747","748","1000","7","0.8012820512820513","47200624"
"2023-08-23T12:50:46.065578","lol","131","1745","746","1001","7","0.8136696501220504","63877784"
"2023-08-23T12:50:47.302513","lol","132","1743","744","1000","7","0.8143322475570033","80749048"
"2023-08-23T12:50:48.530341","lol","133","1741","742","1000","7","0.8051529790660226","42319816"
"2023-08-23T12:50:49.774196","lol","134","1739","740","1000","7","0.8025682182985554","59162264"
"2023-08-23T12:50:51.015345","lol","135","1737","738","1000","7","0.7936507936507936","75929344"
"2023-08-23T12:50:52.271694","lol","136","1735","736","1000","7","0.8163265306122448","40053928"
"2023-08-23T12:50:53.505230","lol","137","1733","734","1000","7","0.7968127490039841","57261280"
"2023-08-23T12:50:54.762608","lol","138","1731","732","1001","7","0.8058017727639","74458440"
"2023-08-23T12:50:56.002479","lol","139","1729","730","1000","7","0.8130081300813008","35658696"
"2023-08-23T12:50:57.242765","lol","140","1727","728","1000","7","0.7936507936507936","53040200"
"2023-08-23T12:50:58.483281","lol","141","1725","726","1000","7","0.8025682182985554","70218984"
"2023-08-23T12:50:59.741209","lol","142","1723","724","1000","7","0.7800312012480499","32432520"
"2023-08-23T12:51:01.012077","lol","143","1721","722","1000","7","0.8045052292839903","49595592"
"2023-08-23T12:51:02.261636","lol","144","1719","720","1000","7","0.8038585209003215","69313320"
"2023-08-23T12:51:03.499514","lol","145","1717","718","1000","7","0.8169934640522876","33546112"
"2023-08-23T12:51:04.749745","lol","146","1715","716","1000","7","0.7757951900698216","51393472"
"2023-08-23T12:51:06.011107","lol","147","1713","714","1000","7","0.8123476848090982","68162424"
"2023-08-23T12:51:07.246870","lol","148","1711","712","1000","7","0.8130081300813008","30683608"
"2023-08-23T12:51:08.495027","lol","149","1675","710","181001","7","0.002768181415537249","69354448"
"2023-08-23T12:57:09.735649","lol","150","1674","674","1000","7","0.8143322475570033","32059536"
"2023-08-23T12:57:10.972538","lol","151","1673","673","1000","7","0.8230452674897119","49071072"
"2023-08-23T12:57:12.162742","lol","152","1672","672","1000","7","0.835421888053467","66550768"
"2023-08-23T12:57:13.362079","lol","153","1671","671","1000","7","0.8237232289950577","28393800"
"2023-08-23T12:57:14.586060","lol","154","1670","670","1000","7","0.8264462809917356","48525656"
"2023-08-23T12:57:15.787129","lol","155","1669","669","1001","7","0.8340283569641367","66066640"
"2023-08-23T12:57:16.987633","lol","156","1668","668","1001","7","0.8403361344537815","28965456"
"2023-08-23T12:57:18.182985","lol","157","1667","667","1000","7","0.832639467110741","46739576"
"2023-08-23T12:57:19.378201","lol","158","1666","666","1000","7","0.8431703204047218","64278112"
"2023-08-23T12:57:20.565102","lol","159","1665","665","1000","7","0.8347245409015025","81573264"
"2023-08-23T12:57:21.770471","lol","160","1664","664","1000","7","0.8278145695364238","43262248"
"2023-08-23T12:57:22.966126","lol","161","1663","663","1000","7","0.8417508417508418","61233744"
"2023-08-23T12:57:24.163814","lol","162","1662","662","1000","7","0.7843137254901962","81203400"
"2023-08-23T12:57:25.446195","lol","163","1661","661","1000","7","0.8257638315441783","44137144"
"2023-08-23T12:57:26.646113","lol","164","1660","660","1001","7","0.8410428931875525","61521328"
"2023-08-23T12:57:27.830091","lol","165","1659","659","1000","7","0.8547008547008548","79441240"
"2023-08-23T12:57:29.007210","lol","166","1658","658","1001","7","0.8110300081103","42006352"
"2023-08-23T12:57:30.242209","lol","167","1657","657","1000","7","0.8257638315441783","59412920"
"2023-08-23T12:57:31.443305","lol","168","1656","656","1000","7","0.8368200836820083","77263208"
"2023-08-23T12:57:32.664276","lol","169","1655","655","1000","7","0.8264462809917356","40524032"
"2023-08-23T12:57:33.859517","lol","170","1654","654","1000","7","0.831946755407654","61051240"
"2023-08-23T12:57:35.057401","lol","171","1653","653","1001","7","0.8382229673093042","81173408"
"2023-08-23T12:57:36.251333","lol","172","1652","652","1000","7","0.8203445447087776","42904608"
"2023-08-23T12:57:37.473463","lol","173","1651","651","1000","7","0.8237232289950577","61470944"
"2023-08-23T12:57:38.676019","lol","174","1650","650","1000","7","0.8389261744966443","79465944"
"2023-08-23T12:57:39.874885","lol","175","1649","649","1000","7","0.832639467110741","41860616"
"2023-08-23T12:57:41.071024","lol","176","1648","648","1000","7","0.8375209380234506","59649536"
"2023-08-23T12:57:42.262972","lol","177","1647","647","1000","7","0.8488964346349746","77437712"
"2023-08-23T12:57:43.449959","lol","178","1646","646","1000","7","0.8291873963515755","40438688"
"2023-08-23T12:57:44.649501","lol","179","1645","645","1001","7","0.8368200836820083","61047184"
"2023-08-23T12:57:45.842236","lol","180","1644","644","1000","7","0.8424599831508003","78501200"
"2023-08-23T12:57:47.042364","lol","181","1643","643","1000","7","0.8298755186721991","41985832"
"2023-08-23T12:57:48.239372","lol","182","1642","642","1000","7","0.8431703204047218","60138640"
"2023-08-23T12:57:49.422689","lol","183","1641","641","1000","7","0.8312551953449708","78374744"
"2023-08-23T12:57:50.630755","lol","184","1639","640","1000","7","0.8312551953449708","41196776"
"2023-08-23T12:57:51.834729","lol","185","1637","638","1000","7","0.7993605115907275","59473056"
"2023-08-23T12:57:53.086086","lol","186","1635","636","1000","7","0.8361204013377926","76972632"
"2023-08-23T12:57:54.280039","lol","187","1633","635","1000","7","0.8278145695364238","40867552"
"2023-08-23T12:57:55.497356","lol","188","1631","632","1000","7","0.7800312012480499","60803096"
"2023-08-23T12:57:56.763848","lol","189","1629","630","1000","7","0.8438818565400843","79188456"
"2023-08-23T12:57:57.956518","lol","190","1627","628","1000","7","0.8230452674897119","42221560"
"2023-08-23T12:57:59.172738","lol","191","1625","626","1000","7","0.8271298593879238","60527200"
"2023-08-23T12:58:00.378464","lol","192","1623","624","1001","7","0.8244023083264632","79357432"
"2023-08-23T12:58:01.595199","lol","193","1621","622","1000","7","0.8389261744966443","42012352"
"2023-08-23T12:58:02.785526","lol","194","1619","620","1001","7","0.8368200836820083","63315752"
"2023-08-23T12:58:03.974425","lol","195","1617","618","1000","7","0.8403361344537815","27718152"
"2023-08-23T12:58:05.173263","lol","196","1615","616","1000","7","0.8389261744966443","47956000"
"2023-08-23T12:58:06.356117","lol","197","1613","614","1000","7","0.8203445447087776","66910312"
"2023-08-23T12:58:07.581275","lol","198","1611","612","1000","7","0.8496176720475785","30387760"
"2023-08-23T12:58:08.764870","lol","199","1609","610","1000","7","0.8237232289950577","48555040"
"2023-08-23T12:58:09.965869","nothing","0","1607","608","1000","9","0.8382229673093042","67536896"
"2023-08-23T12:58:11.169057","nothing","1","1605","606","1000","9","0.8244023083264632","30813920"
"2023-08-23T12:58:12.383447","nothing","2","1603","604","1000","9","0.8410428931875525","50175064"
"2023-08-23T12:58:13.562700","nothing","3","1601","602","1000","9","0.8403361344537815","68395952"
"2023-08-23T12:58:14.755315","nothing","4","1599","600","1000","9","0.8305647840531561","34952808"
"2023-08-23T12:58:15.969021","nothing","5","1597","598","1000","9","0.8347245409015025","53581008"
"2023-08-23T12:58:17.155128","nothing","6","1595","596","1001","9","0.8445945945945946","73009920"
"2023-08-23T12:58:18.338944","nothing","7","1593","594","1000","9","0.8410428931875525","36007200"
"2023-08-23T12:58:19.543184","nothing","8","1591","592","1000","9","0.8230452674897119","55347376"
"2023-08-23T12:58:20.744065","nothing","9","1589","590","1000","9","0.8460236886632826","73599232"
"2023-08-23T12:58:21.928341","nothing","10","1587","588","1000","10","0.8312551953449708","37486736"
"2023-08-23T12:58:23.142825","nothing","11","1585","586","1000","10","0.819672131147541","56093624"
"2023-08-23T12:58:24.348588","nothing","12","1583","585","1000","10","0.8298755186721991","75296064"
"2023-08-23T12:58:25.629160","nothing","13","1581","582","1001","10","0.7849293563579278","40790648"
"2023-08-23T12:58:26.835815","nothing","14","1579","580","1000","10","0.8291873963515755","60015576"
"2023-08-23T12:58:28.031262","nothing","15","1577","578","1000","10","0.8389261744966443","78920720"
"2023-08-23T12:58:29.232793","nothing","16","1575","576","1000","10","0.8271298593879238","42832720"
"2023-08-23T12:58:30.439673","nothing","17","1573","574","1001","10","0.8136696501220504","61987776"
"2023-08-23T12:58:31.661945","nothing","18","1571","572","1000","10","0.8403361344537815","81107000"
"2023-08-23T12:58:32.866470","nothing","19","1569","570","1000","10","0.8396305625524769","47370744"
"2023-08-23T12:58:34.050414","nothing","20","1567","568","1000","10","0.8203445447087776","66546064"
"2023-08-23T12:58:35.278336","nothing","21","1565","566","1000","10","0.819672131147541","33004824"
"2023-08-23T12:58:36.494672","nothing","22","1563","564","1001","10","0.8375209380234506","52294880"
"2023-08-23T12:58:37.681514","nothing","23","1561","562","1000","10","0.8438818565400843","71790040"
"2023-08-23T12:58:38.893511","nothing","24","1559","560","1000","10","0.8190008190008189","35787616"
"2023-08-23T12:58:40.112511","nothing","25","1557","558","1000","10","0.7880220646178093","55120096"
"2023-08-23T12:58:41.355167","nothing","26","1555","556","1001","10","0.8237232289950577","74445704"
"2023-08-23T12:58:42.582972","nothing","27","1553","554","1000","10","0.7987220447284346","38231568"
"2023-08-23T12:58:43.834096","nothing","28","1551","552","1000","10","0.8038585209003215","57654088"
"2023-08-23T12:58:45.068063","nothing","29","1549","550","1000","10","0.8110300081103","79243216"
"2023-08-23T12:58:46.310530","nothing","30","1547","548","1000","10","0.8130081300813008","43896312"
"2023-08-23T12:58:47.541833","nothing","31","1545","546","1001","10","0.7686395080707149","63187824"
"2023-08-23T12:58:48.856217","nothing","32","1543","544","1000","10","0.794912559618442","28116880"
"2023-08-23T12:58:50.103732","nothing","33","1541","542","1000","10","0.7911392405063291","47235552"
"2023-08-23T12:58:51.390100","nothing","34","1539","540","1000","10","0.7639419404125287","67154784"
"2023-08-23T12:58:52.668104","nothing","35","1537","538","1000","10","0.7898894154818326","30706096"
"2023-08-23T12:58:53.946006","nothing","36","1535","536","1001","10","0.8084074373484236","50403912"
"2023-08-23T12:58:55.165189","nothing","37","1533","534","1000","10","0.8136696501220504","72191360"
"2023-08-23T12:58:56.396510","nothing","38","1531","532","1001","10","0.8176614881439084","36766936"
"2023-08-23T12:58:57.636666","nothing","39","1529","530","1000","10","0.8084074373484236","56442960"
"2023-08-23T12:58:58.869581","nothing","40","1527","528","1000","10","0.7849293563579278","75891232"
"2023-08-23T12:59:00.130173","nothing","41","1525","526","1001","10","0.828500414250207","41445584"
"2023-08-23T12:59:01.345269","nothing","42","1523","524","1000","10","0.8312551953449708","60944864"
"2023-08-23T12:59:02.543641","nothing","43","1521","522","1000","10","0.8403361344537815","80430648"
"2023-08-23T12:59:03.736195","nothing","44","1519","520","1000","10","0.8312551953449708","47683808"
"2023-08-23T12:59:04.933563","nothing","45","1517","518","1000","10","0.8230452674897119","69367016"
"2023-08-23T12:59:06.155960","nothing","46","1515","516","1000","10","0.8264462809917356","34226856"
"2023-08-23T12:59:07.365667","nothing","47","1513","514","1000","10","0.8190008190008189","53774464"
"2023-08-23T12:59:08.574612","nothing","48","1511","512","1000","10","0.8467400508044031","74177808"
"2023-08-23T12:59:09.792805","nothing","49","1509","510","1001","10","0.8244023083264632","38410408"
"2023-08-23T12:59:10.977121","nothing","50","1507","508","1001","10","0.831946755407654","58671808"
"2023-08-23T12:59:12.171500","nothing","51","1505","506","1000","10","0.8467400508044031","79002184"
"2023-08-23T12:59:13.354952","nothing","52","1503","504","1000","10","0.8424599831508003","43182040"
"2023-08-23T12:59:14.541271","nothing","53","1501","502","1001","10","0.831946755407654","63556256"
"2023-08-23T12:59:15.759218","nothing","54","1499","500","1000","10","0.8210180623973727","30419640"
"2023-08-23T12:59:16.978128","nothing","55","1497","498","1001","10","0.8291873963515755","50639648"
"2023-08-23T12:59:18.163958","nothing","56","1495","496","1000","10","0.8431703204047218","71116000"
"2023-08-23T12:59:19.352239","nothing","57","1493","494","1000","10","0.8156606851549756","36078496"
"2023-08-23T12:59:20.591508","nothing","58","1491","492","1001","10","0.8257638315441783","55842320"
"2023-08-23T12:59:21.790919","nothing","59","1489","490","1000","10","0.8467400508044031","76406864"
"2023-08-23T12:59:22.979052","nothing","60","1487","488","1000","10","0.8305647840531561","41122344"
"2023-08-23T12:59:24.180834","nothing","61","1485","486","1001","10","0.8368200836820083","61509776"
"2023-08-23T12:59:25.366170","nothing","62","1483","484","1000","10","0.8460236886632826","29118640"
"2023-08-23T12:59:26.569863","nothing","63","1481","482","1000","10","0.8103727714748784","49328800"
"2023-08-23T12:59:27.794372","nothing","64","1479","480","1000","10","0.8410428931875525","70601272"
"2023-08-23T12:59:28.982968","nothing","65","1477","478","1000","10","0.8183306055646481","35136064"
"2023-08-23T12:59:30.220591","nothing","66","1475","476","1000","10","0.8136696501220504","54931280"
"2023-08-23T12:59:31.426115","nothing","67","1473","474","1000","10","0.8453085376162299","75744640"
"2023-08-23T12:59:32.611380","nothing","68","1471","472","1001","10","0.8503401360544218","41424192"
"2023-08-23T12:59:33.792116","nothing","69","1469","470","1000","10","0.8006405124099278","64744136"
"2023-08-23T12:59:35.031214","nothing","70","1467","468","1000","10","0.8410428931875525","30217112"
"2023-08-23T12:59:36.239285","nothing","71","1465","466","1000","10","0.8298755186721991","52764256"
"2023-08-23T12:59:37.437104","nothing","72","1463","464","1000","10","0.8169934640522876","73263648"
"2023-08-23T12:59:38.661075","nothing","73","1461","462","1000","10","0.8438818565400843","38294576"
"2023-08-23T12:59:39.845930","nothing","74","1425","460","181002","10","0.0027685646099923035","63625128"
"2023-08-23T13:05:41.058663","nothing","75","1424","424","1000","10","0.7961783439490446","29282264"
"2023-08-23T13:05:42.324884","nothing","76","1423","423","1000","10","0.8210180623973727","50380320"
"2023-08-23T13:05:43.514437","nothing","77","1422","422","1000","10","0.8396305625524769","71519784"
"2023-08-23T13:05:44.706464","nothing","78","1421","421","1000","10","0.8417508417508418","36549832"
"2023-08-23T13:05:45.897591","nothing","79","1420","420","998","10","0.8453085376162299","57874120"
"2023-08-23T13:05:47.074273","nothing","80","1419","419","1001","10","0.8445945945945946","80533760"
"2023-08-23T13:05:48.265292","nothing","81","1418","418","1000","10","0.8312551953449708","46108680"
"2023-08-23T13:05:49.461691","nothing","82","1417","417","1000","10","0.8598452278589853","67048064"
"2023-08-23T13:05:50.623298","nothing","83","1416","416","1001","10","0.8474576271186441","32830592"
"2023-08-23T13:05:51.822818","nothing","84","1415","415","1000","10","0.8190008190008189","54293080"
"2023-08-23T13:05:53.029156","nothing","85","1414","414","1001","10","0.7961783439490446","75005800"
"2023-08-23T13:05:54.280276","nothing","86","1413","413","1000","10","0.8474576271186441","41306432"
"2023-08-23T13:05:55.473284","nothing","87","1412","412","1000","10","0.835421888053467","62237128"
"2023-08-23T13:05:56.658112","nothing","88","1411","411","1000","10","0.8424599831508003","28172928"
"2023-08-23T13:05:57.857673","nothing","89","1410","410","1000","10","0.8071025020177562","51838960"
"2023-08-23T13:05:59.090960","nothing","90","1409","409","1000","10","0.8368200836820083","72296496"
"2023-08-23T13:06:00.276240","nothing","91","1408","408","1001","10","0.8467400508044031","38153400"
"2023-08-23T13:06:01.468875","nothing","92","1407","407","1001","10","0.8431703204047218","59195936"
"2023-08-23T13:06:02.644721","nothing","93","1406","406","1000","10","0.8368200836820083","80033136"
"2023-08-23T13:06:03.858789","nothing","94","1405","405","1000","10","0.8271298593879238","48219584"
"2023-08-23T13:06:05.052190","nothing","95","1404","404","1000","10","0.8375209380234506","70140192"
"2023-08-23T13:06:06.250943","nothing","96","1403","403","1001","10","0.8237232289950577","35902912"
"2023-08-23T13:06:07.471865","nothing","97","1402","402","1001","10","0.8244023083264632","59687056"
"2023-08-23T13:06:08.666601","nothing","98","1401","401","1000","10","0.8525149190110827","80983432"
"2023-08-23T13:06:09.855428","nothing","99","1400","400","1000","10","0.8410428931875525","46779336"
"2023-08-23T13:06:11.032635","nothing","100","1399","399","1000","11","0.8431703204047218","67586296"
"2023-08-23T13:06:12.254377","nothing","101","1398","398","1001","11","0.8190008190008189","34300656"
"2023-08-23T13:06:13.454725","nothing","102","1397","397","1000","11","0.8312551953449708","55082992"
"2023-08-23T13:06:14.668412","nothing","103","1396","396","1000","11","0.8149959250203749","76760624"
"2023-08-23T13:06:15.879528","nothing","104","1395","395","1002","11","0.835421888053467","42949736"
"2023-08-23T13:06:17.069024","nothing","105","1394","394","1000","11","0.8445945945945946","66527256"
"2023-08-23T13:06:18.253241","nothing","106","1393","393","1000","11","0.8453085376162299","33138168"
"2023-08-23T13:06:19.447692","nothing","107","1392","392","1000","11","0.8424599831508003","54002840"
"2023-08-23T13:06:20.617455","nothing","108","1391","391","1000","11","0.856898029134533","75512816"
"2023-08-23T13:06:21.791826","nothing","109","1389","390","1000","11","0.8305647840531561","42197400"
"2023-08-23T13:06:22.990893","nothing","110","1387","388","1000","11","0.8403361344537815","63731632"
"2023-08-23T13:06:24.180294","nothing","111","1385","386","1000","11","0.8467400508044031","30743440"
"2023-08-23T13:06:25.367309","nothing","112","1383","384","1000","11","0.8361204013377926","52465592"
"2023-08-23T13:06:26.560280","nothing","113","1381","382","1000","11","0.8410428931875525","74180816"
"2023-08-23T13:06:27.751435","nothing","114","1379","380","1000","11","0.828500414250207","42646576"
"2023-08-23T13:06:28.963431","nothing","115","1377","378","1000","11","0.8424599831508003","64423256"
"2023-08-23T13:06:30.142244","nothing","116","1375","376","1000","11","0.8396305625524769","30711840"
"2023-08-23T13:06:31.348745","nothing","117","1373","374","1001","11","0.8389261744966443","52256256"
"2023-08-23T13:06:32.524673","nothing","118","1371","372","1000","11","0.8496176720475785","74732632"
"2023-08-23T13:06:33.709206","nothing","119","1369","370","1000","11","0.8375209380234506","42907520"
"2023-08-23T13:06:34.896372","nothing","120","1367","368","1000","11","0.8424599831508003","64558056"
"2023-08-23T13:06:36.080849","nothing","121","1365","366","1000","11","0.8445945945945946","31661368"
"2023-08-23T13:06:37.278187","nothing","122","1363","364","1000","11","0.8396305625524769","56563584"
"2023-08-23T13:06:38.460877","nothing","123","1361","362","1000","11","0.8375209380234506","78208328"
"2023-08-23T13:06:39.664538","nothing","124","1359","360","1001","11","0.8333333333333334","44288136"
"2023-08-23T13:06:40.848055","nothing","125","1357","358","1001","11","0.8532423208191127","66535712"
"2023-08-23T13:06:42.024863","nothing","126","1355","356","1000","11","0.8628127696289905","33252720"
"2023-08-23T13:06:43.191645","nothing","127","1353","354","1001","11","0.8396305625524769","55161568"
"2023-08-23T13:06:44.379667","nothing","128","1351","352","1000","11","0.8298755186721991","78003888"
"2023-08-23T13:06:45.591090","nothing","129","1349","350","1002","11","0.832639467110741","43714256"
"2023-08-23T13:06:46.814415","nothing","130","1347","348","1000","11","0.8216926869350862","66179520"
"2023-08-23T13:06:48.019145","nothing","131","1345","346","1000","11","0.8264462809917356","35624008"
"2023-08-23T13:06:49.219862","nothing","132","1343","344","1000","11","0.835421888053467","57675480"
"2023-08-23T13:06:50.407505","nothing","133","1341","342","1000","11","0.8424599831508003","79725064"
"2023-08-23T13:06:51.594949","nothing","134","1339","340","1000","11","0.8620689655172414","46362880"
"2023-08-23T13:06:52.755508","nothing","135","1337","338","1001","11","0.8375209380234506","68764944"
"2023-08-23T13:06:53.961595","nothing","136","1335","336","1000","11","0.8424599831508003","35965192"
"2023-08-23T13:06:55.160304","nothing","137","1333","334","1000","11","0.8237232289950577","58003472"
"2023-08-23T13:06:56.363278","nothing","138","1331","332","1000","11","0.8361204013377926","80098984"
"2023-08-23T13:06:57.547609","nothing","139","1329","330","1000","11","0.8424599831508003","49510440"
"2023-08-23T13:06:58.749215","nothing","140","1327","328","1000","11","0.8271298593879238","71405832"
"2023-08-23T13:06:59.941238","nothing","141","1325","326","1000","11","0.8438818565400843","38671944"
"2023-08-23T13:07:01.130764","nothing","142","1323","324","1000","11","0.8389261744966443","61348592"
"2023-08-23T13:07:02.322620","nothing","143","1321","322","1001","11","0.8460236886632826","28571880"
"2023-08-23T13:07:03.506168","nothing","144","1319","320","1000","11","0.8496176720475785","53676576"
"2023-08-23T13:07:04.675667","nothing","145","1317","318","1000","11","0.856898029134533","76231584"
"2023-08-23T13:07:05.850319","nothing","146","1315","316","1000","11","0.8474576271186441","43686048"
"2023-08-23T13:07:07.016356","nothing","147","1313","314","1000","11","0.8368200836820083","66307336"
"2023-08-23T13:07:08.230342","nothing","148","1311","312","1000","11","0.8045052292839903","35437864"
"2023-08-23T13:07:09.465551","nothing","149","1309","310","1000","11","0.8460236886632826","58488872"
"2023-08-23T13:07:10.654396","nothing","150","1307","308","1001","11","0.8136696501220504","80663248"
"2023-08-23T13:07:11.883477","nothing","151","1305","306","1000","11","0.8605851979345955","48108488"
"2023-08-23T13:07:13.035605","nothing","152","1303","304","1001","11","0.8431703204047218","70500864"
"2023-08-23T13:07:14.220919","nothing","153","1301","302","1000","11","0.8488964346349746","37820248"
"2023-08-23T13:07:15.410236","nothing","154","1299","300","998","11","0.8038585209003215","60858016"
"2023-08-23T13:07:16.719474","nothing","155","1297","298","1001","11","0.7968127490039841","28574712"
"2023-08-23T13:07:17.920055","nothing","156","1295","296","1000","11","0.8382229673093042","53326344"
"2023-08-23T13:07:19.116224","nothing","157","1293","294","1001","11","0.8298755186721991","76179432"
"2023-08-23T13:07:20.303288","nothing","158","1291","292","1000","11","0.8382229673093042","43856992"
"2023-08-23T13:07:21.491034","nothing","159","1289","290","1000","11","0.8438818565400843","66490576"
"2023-08-23T13:07:22.676307","nothing","160","1287","288","1001","11","0.8460236886632826","34121968"
"2023-08-23T13:07:23.875363","nothing","161","1285","286","1000","11","0.8382229673093042","57231688"
"2023-08-23T13:07:25.050094","nothing","162","1283","284","1001","11","0.8460236886632826","80317640"
"2023-08-23T13:07:26.236883","nothing","163","1281","282","1001","11","0.8396305625524769","47574576"
"2023-08-23T13:07:27.422498","nothing","164","1279","280","1000","11","0.8431703204047218","72512864"
"2023-08-23T13:07:28.613243","nothing","165","1277","278","1000","11","0.8481764206955046","40334360"
"2023-08-23T13:07:29.797379","nothing","166","1275","276","1000","11","0.8613264427217915","64124376"
"2023-08-23T13:07:30.951062","nothing","167","1273","274","1001","11","0.851063829787234","31682056"
"2023-08-23T13:07:32.137008","nothing","168","1271","272","1001","11","0.8424599831508003","54552776"
"2023-08-23T13:07:33.310738","nothing","169","1269","270","1000","11","0.8453085376162299","80763624"
"2023-08-23T13:07:34.499512","nothing","170","1267","268","1000","11","0.8532423208191127","48198968"
"2023-08-23T13:07:35.671451","nothing","171","1265","266","1000","11","0.8532423208191127","71740736"
"2023-08-23T13:07:36.852983","nothing","172","1263","264","1001","11","0.8396305625524769","39558296"
"2023-08-23T13:07:38.041275","nothing","173","1261","262","1000","11","0.8547008547008548","64637704"
"2023-08-23T13:07:39.204637","nothing","174","1259","260","1000","11","0.8474576271186441","32910600"
"2023-08-23T13:07:40.386192","nothing","175","1257","258","1000","11","0.8333333333333334","55676552"
"2023-08-23T13:07:41.593069","nothing","176","1255","256","1000","11","0.8453085376162299","78778432"
"2023-08-23T13:07:42.777657","nothing","177","1253","254","1001","11","0.8445945945945946","47668504"
"2023-08-23T13:07:43.955669","nothing","178","1251","252","1000","11","0.8375209380234506","70441848"
"2023-08-23T13:07:45.144787","nothing","179","1249","250","1000","11","0.8403361344537815","38637712"
"2023-08-23T13:07:46.351300","nothing","180","1247","248","1000","11","0.8176614881439084","62732232"
"2023-08-23T13:07:47.552503","nothing","181","1245","246","1000","11","0.8554319931565441","33472800"
"2023-08-23T13:07:48.746693","nothing","182","1243","244","1000","11","0.8340283569641367","56627936"
"2023-08-23T13:07:49.932500","nothing","183","1241","242","1000","11","0.8488964346349746","80705624"
"2023-08-23T13:07:51.118640","nothing","184","1239","240","1000","11","0.8312551953449708","48422496"
"2023-08-23T13:07:52.311083","nothing","185","1237","238","1001","11","0.8396305625524769","71894432"
"2023-08-23T13:07:53.508471","nothing","186","1235","236","1000","11","0.8347245409015025","40414384"
"2023-08-23T13:07:54.704923","nothing","187","1233","234","1000","11","0.8488964346349746","64436464"
"2023-08-23T13:07:55.875437","nothing","188","1231","232","1001","11","0.8403361344537815","31918504"
"2023-08-23T13:07:57.077790","nothing","189","1229","230","1000","11","0.8460236886632826","55993112"
"2023-08-23T13:07:58.257082","nothing","190","1227","228","1001","11","0.8424599831508003","27995840"
"2023-08-23T13:07:59.445321","nothing","191","1225","226","1000","11","0.8547008547008548","51467272"
"2023-08-23T13:08:00.609945","nothing","192","1223","224","1000","11","0.8467400508044031","74937880"
"2023-08-23T13:08:01.786522","nothing","193","1221","222","1000","11","0.8598452278589853","43262288"
"2023-08-23T13:08:02.950826","nothing","194","1219","220","1000","11","0.8539709649871904","69288216"
"2023-08-23T13:08:04.122028","nothing","195","1217","218","1000","11","0.8496176720475785","37566496"
"2023-08-23T13:08:05.308099","nothing","196","1215","216","1002","11","0.8340283569641367","61457440"
"2023-08-23T13:08:06.500691","nothing","197","1213","214","1000","11","0.8445945945945946","30727464"
"2023-08-23T13:08:07.685556","nothing","198","1211","212","1001","11","0.8620689655172414","56622520"
"2023-08-23T13:08:08.837067","nothing","199","1175","210","181001","11","0.0027687332491638426","66246280"
"2023-08-23T13:14:10.059978","rood","0","1174","174","1000","6","0.8116883116883117","36377640"
"2023-08-23T13:14:11.263062","rood","1","1173","173","1001","6","0.8169934640522876","60707064"
"2023-08-23T13:14:12.467526","rood","2","1172","172","1000","6","0.856898029134533","29629672"
"2023-08-23T13:14:13.649228","rood","3","1171","171","1000","6","0.8298755186721991","53421272"
"2023-08-23T13:14:14.844056","rood","4","1170","170","1000","6","0.8298755186721991","77896768"
"2023-08-23T13:14:16.052882","rood","5","1169","169","1001","6","0.8410428931875525","46707136"
"2023-08-23T13:14:17.288482","rood","6","1168","168","1000","6","0.8058017727639","71016088"
"2023-08-23T13:14:18.494314","rood","7","1167","167","1000","6","0.8312551953449708","40003808"
"2023-08-23T13:14:19.686767","rood","8","1166","166","1000","6","0.8467400508044031","65973248"
"2023-08-23T13:14:20.866743","rood","9","1165","165","1000","6","0.8257638315441783","35507640"
"2023-08-23T13:14:22.096250","rood","10","1164","164","1000","7","0.8216926869350862","59497568"
"2023-08-23T13:14:23.290034","rood","11","1163","163","1000","7","0.8496176720475785","28571760"
"2023-08-23T13:14:24.476103","rood","12","1162","162","1000","7","0.8333333333333334","53162672"
"2023-08-23T13:14:25.666807","rood","13","1161","161","1000","7","0.8375209380234506","77760768"
"2023-08-23T13:14:26.868581","rood","14","1160","160","1001","7","0.8431703204047218","46231904"
"2023-08-23T13:14:28.048345","rood","15","1159","159","1000","7","0.8474576271186441","71331760"
"2023-08-23T13:14:29.228176","rood","16","1158","158","1001","7","0.8438818565400843","42254016"
"2023-08-23T13:14:30.424564","rood","17","1157","157","1000","7","0.8368200836820083","67089248"
"2023-08-23T13:14:31.618183","rood","18","1156","156","1000","7","0.8389261744966443","35795952"
"2023-08-23T13:14:32.814155","rood","19","1155","155","1000","7","0.8347245409015025","62681736"
"2023-08-23T13:14:33.999285","rood","20","1154","154","1000","7","0.8438818565400843","31772608"
"2023-08-23T13:14:35.188438","rood","21","1153","153","1000","7","0.8460236886632826","56387920"
"2023-08-23T13:14:36.367038","rood","22","1152","152","1000","7","0.8305647840531561","80989952"
"2023-08-23T13:14:37.617581","rood","23","1151","151","1000","7","0.8143322475570033","50301904"
"2023-08-23T13:14:38.793104","rood","24","1150","150","1000","7","0.8445945945945946","74764472"
"2023-08-23T13:14:39.995037","rood","25","1149","149","1000","7","0.8278145695364238","46123760"
"2023-08-23T13:14:41.184377","rood","26","1148","148","1001","7","0.8368200836820083","71055472"
"2023-08-23T13:14:42.393011","rood","27","1147","147","1000","7","0.8340283569641367","40476176"
"2023-08-23T13:14:43.588954","rood","28","1146","146","1000","7","0.8417508417508418","65349824"
"2023-08-23T13:14:44.775185","rood","29","1145","145","1000","7","0.8431703204047218","35069528"
"2023-08-23T13:14:45.970353","rood","30","1144","144","1000","7","0.8305647840531561","60201848"
"2023-08-23T13:14:47.178654","rood","31","1143","143","1000","7","0.8257638315441783","29373648"
"2023-08-23T13:14:48.389916","rood","32","1142","142","1000","7","0.8305647840531561","54342952"
"2023-08-23T13:14:49.587384","rood","33","1141","141","1000","7","0.8382229673093042","81208456"
"2023-08-23T13:14:50.785487","rood","34","1139","140","1001","7","0.8333333333333334","50554136"
"2023-08-23T13:14:51.968146","rood","35","1137","138","1001","7","0.8271298593879238","75249944"
"2023-08-23T13:14:53.185418","rood","36","1135","136","1001","7","0.835421888053467","45130240"
"2023-08-23T13:14:54.376816","rood","37","1133","134","1000","7","0.8382229673093042","70157920"
"2023-08-23T13:14:55.570722","rood","38","1131","132","1000","7","0.8410428931875525","39662280"
"2023-08-23T13:14:56.772382","rood","39","1129","130","1001","7","0.8203445447087776","65005584"
"2023-08-23T13:14:57.986096","rood","40","1127","128","1000","7","0.8488964346349746","35111768"
"2023-08-23T13:14:59.169469","rood","41","1125","126","1001","7","0.8424599831508003","61453224"
"2023-08-23T13:15:00.338550","rood","42","1123","124","1000","7","0.8635578583765113","31428728"
"2023-08-23T13:15:01.510150","rood","43","1121","122","1001","7","0.8431703204047218","56533608"
"2023-08-23T13:15:02.681811","rood","44","1119","120","1000","7","0.8643042350907519","81633112"
"2023-08-23T13:15:03.855520","rood","45","1117","118","1000","7","0.851063829787234","52824400"
"2023-08-23T13:15:05.016123","rood","46","1115","116","1001","7","0.856898029134533","78779192"
"2023-08-23T13:15:06.191290","rood","47","1113","114","1001","7","0.8424599831508003","48736624"
"2023-08-23T13:15:07.368639","rood","48","1111","112","1000","7","0.8620689655172414","73701992"
"2023-08-23T13:15:08.548765","rood","49","1109","110","1000","7","0.8453085376162299","43660840"
"2023-08-23T13:15:09.712574","rood","50","1107","108","1001","7","0.8658008658008658","71532480"
"2023-08-23T13:15:10.869158","rood","51","1105","106","1000","7","0.8453085376162299","41424920"
"2023-08-23T13:15:12.067007","rood","52","1103","104","1000","7","0.8340283569641367","66470056"
"2023-08-23T13:15:13.254921","rood","53","1101","102","1001","7","0.851063829787234","36854872"
"2023-08-23T13:15:14.438332","rood","54","1099","100","1000","7","0.8488964346349746","62158824"
"2023-08-23T13:15:15.609879","rood","55","1097","98","1003","7","0.8643042350907519","31888240"
"2023-08-23T13:15:16.766954","rood","56","1095","96","1000","7","0.8488964346349746","57153768"
"2023-08-23T13:15:17.939416","rood","57","1093","94","1000","7","0.8576329331046313","28243128"
"2023-08-23T13:15:19.112786","rood","58","1091","92","1000","7","0.8658008658008658","53040728"
"2023-08-23T13:15:20.272642","rood","59","1089","90","1000","7","0.8453085376162299","80775392"
"2023-08-23T13:15:21.463896","rood","60","1087","88","1000","7","0.8496176720475785","50763680"
"2023-08-23T13:15:22.621307","rood","61","1085","86","1000","7","0.8620689655172414","75861304"
"2023-08-23T13:15:23.791936","rood","62","1083","84","1001","7","0.8496176720475785","46143728"
"2023-08-23T13:15:24.961202","rood","63","1081","82","1001","7","0.8688097306689835","72337848"
"2023-08-23T13:15:26.112183","rood","64","1079","80","1000","7","0.8547008547008548","43205536"
"2023-08-23T13:15:27.288039","rood","65","1077","78","1000","7","0.8539709649871904","68498080"
"2023-08-23T13:15:28.451849","rood","66","1075","76","1000","7","0.8503401360544218","38707232"
"2023-08-23T13:15:29.636169","rood","67","1073","74","1000","7","0.832639467110741","66105008"
"2023-08-23T13:15:30.826936","rood","68","1071","72","1000","7","0.8680555555555556","36794840"
"2023-08-23T13:15:32.022460","rood","69","1069","70","1000","7","0.8271298593879238","62123616"
"2023-08-23T13:15:33.188483","rood","70","1067","68","1000","7","0.8503401360544218","35125888"
"2023-08-23T13:15:34.379051","rood","71","1065","66","1000","7","0.8467400508044031","60579184"
"2023-08-23T13:15:35.556201","rood","72","1063","64","1000","7","0.859106529209622","31404800"
"2023-08-23T13:15:36.721123","rood","73","1061","62","1000","7","0.851063829787234","57299248"
"2023-08-23T13:15:37.887417","rood","74","1059","60","1000","7","0.8547008547008548","28662488"
"2023-08-23T13:15:39.064125","rood","75","1057","58","1000","7","0.8576329331046313","54470320"
"2023-08-23T13:15:40.220187","rood","76","1055","56","1001","7","0.8525149190110827","82173520"
"2023-08-23T13:15:41.405091","rood","77","1053","54","1000","7","0.8554319931565441","52515328"
"2023-08-23T13:15:42.567248","rood","78","1051","52","1000","7","0.8605851979345955","79127352"
"2023-08-23T13:15:43.733731","rood","79","1049","50","1000","7","0.8474576271186441","49970840"
"2023-08-23T13:15:44.903400","rood","80","1047","48","1000","7","0.8620689655172414","76083752"
"2023-08-23T13:15:46.068290","rood","81","1045","46","1001","7","0.8453085376162299","46261656"
"2023-08-23T13:15:47.262031","rood","82","1043","44","1000","7","0.8368200836820083","72563472"
"2023-08-23T13:15:48.446436","rood","83","1041","42","1000","7","0.8424599831508003","44156272"
"2023-08-23T13:15:49.640602","rood","84","1039","40","1000","7","0.8445945945945946","72304216"
"2023-08-23T13:15:50.822118","rood","85","1037","38","1001","7","0.8517887563884157","42409152"
"2023-08-23T13:15:51.988598","rood","86","1035","36","1000","7","0.856898029134533","68638904"
"2023-08-23T13:15:53.158575","rood","87","1033","34","1000","7","0.851063829787234","39699400"
"2023-08-23T13:15:54.420272","rood","88","1031","32","1001","7","0.7968127490039841","66027408"
"2023-08-23T13:15:55.585168","rood","89","1029","30","1000","7","0.8532423208191127","36851904"
"2023-08-23T13:15:56.765519","rood","90","1027","28","1000","7","0.8532423208191127","63355760"
"2023-08-23T13:15:57.932236","rood","91","1025","26","1001","7","0.8598452278589853","35040672"
"2023-08-23T13:15:59.110091","rood","92","1023","24","1000","7","0.8496176720475785","60704848"
"2023-08-23T13:16:00.270115","rood","93","1021","22","1000","7","0.8605851979345955","33456200"
"2023-08-23T13:16:01.439819","rood","94","1019","20","1001","7","0.8488964346349746","59975136"
"2023-08-23T13:16:02.610971","rood","95","1017","18","1000","7","0.8658008658008658","31463064"
"2023-08-23T13:16:03.773481","rood","96","1015","16","1000","7","0.8176614881439084","59700128"
"2023-08-23T13:16:04.987281","rood","97","1013","14","1000","7","0.8613264427217915","31566896"
"2023-08-23T13:16:06.164118","rood","98","1011","12","1001","7","0.851063829787234","58415312"
"2023-08-23T13:16:07.342807","rood","99","1009","10","1001","7","0.8424599831508003","29567696"
"2023-08-23T13:16:08.525973","rood","100","1007","8","1001","8","0.8389261744966443","56418968"
"2023-08-23T13:16:09.705450","rood","101","1005","6","1000","8","0.8576329331046313","29794480"
"2023-08-23T13:16:10.879203","rood","102","1003","4","1000","8","0.8517887563884157","56654296"
"2023-08-23T13:16:12.055068","rood","103","1001","2","1000","8","0.8525149190110827","28492728"
"2023-08-23T13:16:13.227920","rood","104","999","0","1000","8","0.8583690987124464","55458464"
"2023-08-23T13:16:14.385063","rood","105","997","998","1001","8","0.8613264427217915","81526400"
"2023-08-23T13:16:15.548272","rood","106","995","996","997","8","0.8532423208191127","53020880"
"2023-08-23T13:16:16.759158","rood","107","993","994","1000","8","0.8333333333333334","80081208"
"2023-08-23T13:16:17.921265","rood","108","991","992","1000","8","0.8695652173913044","51236024"
"2023-08-23T13:16:19.068056","rood","109","989","990","1000","8","0.851063829787234","78478584"
"2023-08-23T13:16:20.243655","rood","110","987","988","1000","8","0.8481764206955046","52029232"
"2023-08-23T13:16:21.422709","rood","111","985","986","1000","8","0.8605851979345955","78370144"
"2023-08-23T13:16:22.589125","rood","112","983","984","1000","8","0.856898029134533","50106944"
"2023-08-23T13:16:23.747175","rood","113","981","982","1001","8","0.8635578583765113","77325848"
"2023-08-23T13:16:24.918989","rood","114","979","980","1000","8","0.8481764206955046","48407952"
"2023-08-23T13:16:26.084323","rood","115","977","978","1000","8","0.8598452278589853","75716824"
"2023-08-23T13:16:27.251358","rood","116","975","976","1000","8","0.8481764206955046","47362856"
"2023-08-23T13:16:28.436402","rood","117","973","974","1001","8","0.8643042350907519","74850344"
"2023-08-23T13:16:29.592949","rood","118","971","972","1000","8","0.8576329331046313","48178536"
"2023-08-23T13:16:30.754834","rood","119","969","970","1001","8","0.8547008547008548","74738960"
"2023-08-23T13:16:31.921234","rood","120","967","968","1000","8","0.8554319931565441","46429600"
"2023-08-23T13:16:33.096893","rood","121","965","966","1000","8","0.8748906386701663","75460592"
"2023-08-23T13:16:34.238696","rood","122","963","964","1000","8","0.8576329331046313","47213024"
"2023-08-23T13:16:35.404305","rood","123","961","962","1000","8","0.8554319931565441","75337368"
