"Timestamp","Message Size (bytes)"
"2023-08-23T12:40:42.543673","10"
"2023-08-23T12:40:44.146751","10"
"2023-08-23T12:40:45.423140","10"
"2023-08-23T12:40:46.824317","10"
"2023-08-23T12:40:48.317645","10"
"2023-08-23T12:40:49.666406","10"
"2023-08-23T12:40:51.073565","10"
"2023-08-23T12:40:52.315248","10"
"2023-08-23T12:40:53.574246","10"
"2023-08-23T12:40:54.876992","10"
"2023-08-23T12:40:56.160252","10"
"2023-08-23T12:40:57.457073","10"
"2023-08-23T12:40:58.709761","10"
"2023-08-23T12:40:59.972462","10"
"2023-08-23T12:41:01.179589","10"
"2023-08-23T12:41:02.411857","10"
"2023-08-23T12:41:03.637620","10"
"2023-08-23T12:41:04.889602","10"
"2023-08-23T12:41:06.096128","10"
"2023-08-23T12:41:07.330560","10"
"2023-08-23T12:41:08.583426","10"
"2023-08-23T12:41:09.828850","10"
"2023-08-23T12:41:11.069636","10"
"2023-08-23T12:41:12.289898","10"
"2023-08-23T12:41:13.503028","10"
"2023-08-23T12:41:14.719185","10"
"2023-08-23T12:41:15.948312","10"
"2023-08-23T12:41:17.218368","10"
"2023-08-23T12:41:18.471850","10"
"2023-08-23T12:41:19.742719","10"
"2023-08-23T12:41:20.960534","10"
"2023-08-23T12:41:22.161550","10"
"2023-08-23T12:41:23.385300","10"
"2023-08-23T12:41:24.603839","10"
"2023-08-23T12:41:25.816875","10"
"2023-08-23T12:41:27.043481","10"
"2023-08-23T12:41:28.275492","10"
"2023-08-23T12:41:29.552867","10"
"2023-08-23T12:41:30.822401","10"
"2023-08-23T12:41:32.026762","10"
"2023-08-23T12:41:33.258224","10"
"2023-08-23T12:41:34.449547","10"
"2023-08-23T12:41:35.685606","10"
"2023-08-23T12:41:36.891427","10"
"2023-08-23T12:41:38.120769","10"
"2023-08-23T12:41:39.322842","10"
"2023-08-23T12:41:40.570689","10"
"2023-08-23T12:41:41.774128","10"
"2023-08-23T12:41:42.978092","10"
"2023-08-23T12:41:44.203245","10"
"2023-08-23T12:41:45.423088","10"
"2023-08-23T12:41:46.739984","10"
"2023-08-23T12:41:48.018499","10"
"2023-08-23T12:41:49.248810","10"
"2023-08-23T12:41:50.487375","10"
"2023-08-23T12:41:51.733059","10"
"2023-08-23T12:41:52.951402","10"
"2023-08-23T12:41:54.169817","10"
"2023-08-23T12:41:55.389837","10"
"2023-08-23T12:41:56.626416","10"
"2023-08-23T12:41:57.875861","10"
"2023-08-23T12:41:59.085024","10"
"2023-08-23T12:42:00.317263","10"
"2023-08-23T12:42:01.518694","10"
"2023-08-23T12:42:02.741657","10"
"2023-08-23T12:42:03.967119","10"
"2023-08-23T12:42:05.230021","11"
"2023-08-23T12:42:06.437058","11"
"2023-08-23T12:42:07.670421","11"
"2023-08-23T12:42:08.914600","11"
"2023-08-23T12:42:10.168423","11"
"2023-08-23T12:42:11.376311","11"
"2023-08-23T12:42:12.624051","11"
"2023-08-23T12:42:13.869917","11"
"2023-08-23T12:42:15.116974","11"
"2023-08-23T12:42:16.315315","11"
"2023-08-23T12:42:17.545107","11"
"2023-08-23T12:42:18.751870","11"
"2023-08-23T12:42:20.033712","11"
"2023-08-23T12:42:21.267618","11"
"2023-08-23T12:42:22.492309","11"
"2023-08-23T12:42:23.707155","11"
"2023-08-23T12:42:24.983512","11"
"2023-08-23T12:42:26.198590","11"
"2023-08-23T12:42:27.414833","11"
"2023-08-23T12:42:28.629699","11"
"2023-08-23T12:42:29.854448","11"
"2023-08-23T12:42:31.049704","11"
"2023-08-23T12:42:32.251319","11"
"2023-08-23T12:42:33.470536","11"
"2023-08-23T12:42:34.672231","11"
"2023-08-23T12:42:35.867090","11"
"2023-08-23T12:42:37.089739","11"
"2023-08-23T12:42:38.294344","11"
"2023-08-23T12:42:39.494867","11"
"2023-08-23T12:42:40.723172","11"
"2023-08-23T12:42:41.952574","11"
"2023-08-23T12:42:43.169053","11"
"2023-08-23T12:42:44.388487","11"
"2023-08-23T12:42:45.583768","11"
"2023-08-23T12:42:46.814500","11"
"2023-08-23T12:42:48.044836","11"
"2023-08-23T12:42:49.252079","11"
"2023-08-23T12:42:50.457971","11"
"2023-08-23T12:42:51.691300","11"
"2023-08-23T12:42:52.900736","11"
"2023-08-23T12:42:54.121903","11"
"2023-08-23T12:42:55.357465","11"
"2023-08-23T12:42:56.553107","11"
"2023-08-23T12:42:57.772857","11"
"2023-08-23T12:42:58.988265","11"
"2023-08-23T12:43:00.208295","11"
"2023-08-23T12:43:01.468131","11"
"2023-08-23T12:43:02.673363","11"
"2023-08-23T12:43:03.880981","11"
"2023-08-23T12:43:05.131322","11"
"2023-08-23T12:43:06.331531","11"
"2023-08-23T12:43:07.546408","11"
"2023-08-23T12:43:08.723991","11"
"2023-08-23T12:43:09.959244","11"
"2023-08-23T12:43:11.185627","11"
"2023-08-23T12:43:12.441104","11"
"2023-08-23T12:43:13.621877","11"
"2023-08-23T12:43:14.815900","11"
