"Timestamp","Message","MessageNumber"
"2023-08-23T12:40:42.412075","goodbys","34"
"2023-08-23T12:40:44.088623","goodbys","35"
"2023-08-23T12:40:45.339592","goodbys","36"
"2023-08-23T12:40:46.672477","goodbys","37"
"2023-08-23T12:40:48.245730","goodbys","38"
"2023-08-23T12:40:49.512440","goodbys","39"
"2023-08-23T12:40:51.006534","goodbys","40"
"2023-08-23T12:40:52.255515","goodbys","41"
"2023-08-23T12:40:53.505053","goodbys","42"
"2023-08-23T12:40:54.784955","goodbys","43"
"2023-08-23T12:40:56.096156","goodbys","44"
"2023-08-23T12:40:57.401704","goodbys","45"
"2023-08-23T12:40:58.622630","goodbys","46"
"2023-08-23T12:40:59.916327","goodbys","47"
"2023-08-23T12:41:01.124543","goodbys","48"
"2023-08-23T12:41:02.361703","goodbys","49"
"2023-08-23T12:41:03.585293","goodbys","50"
"2023-08-23T12:41:04.842364","goodbys","51"
"2023-08-23T12:41:06.040761","goodbys","52"
"2023-08-23T12:41:07.262927","goodbys","53"
"2023-08-23T12:41:08.529440","goodbys","54"
"2023-08-23T12:41:09.777102","goodbys","55"
"2023-08-23T12:41:11.001221","goodbys","56"
"2023-08-23T12:41:12.223199","goodbys","57"
"2023-08-23T12:41:13.452444","goodbys","58"
"2023-08-23T12:41:14.669057","goodbys","59"
"2023-08-23T12:41:15.896147","goodbys","60"
"2023-08-23T12:41:17.108828","goodbys","61"
"2023-08-23T12:41:18.404981","goodbys","62"
"2023-08-23T12:41:19.640470","goodbys","63"
"2023-08-23T12:41:20.911673","goodbys","64"
"2023-08-23T12:41:22.117353","goodbys","65"
"2023-08-23T12:41:23.334197","goodbys","66"
"2023-08-23T12:41:24.539946","goodbys","67"
"2023-08-23T12:41:25.758300","goodbys","68"
"2023-08-23T12:41:26.985398","goodbys","69"
"2023-08-23T12:41:28.219018","goodbys","70"
"2023-08-23T12:41:29.439463","goodbys","71"
"2023-08-23T12:41:30.752108","goodbys","72"
"2023-08-23T12:41:31.972418","goodbys","73"
"2023-08-23T12:41:33.189030","goodbys","74"
"2023-08-23T12:41:34.392267","goodbys","75"
"2023-08-23T12:41:35.624412","goodbys","76"
"2023-08-23T12:41:36.838460","goodbys","77"
"2023-08-23T12:41:38.066478","goodbys","78"
"2023-08-23T12:41:39.280674","goodbys","79"
"2023-08-23T12:41:40.521853","goodbys","80"
"2023-08-23T12:41:41.726017","goodbys","81"
"2023-08-23T12:41:42.926921","goodbys","82"
"2023-08-23T12:41:44.151758","goodbys","83"
"2023-08-23T12:41:45.376605","goodbys","84"
"2023-08-23T12:41:46.580925","goodbys","85"
"2023-08-23T12:41:47.953775","goodbys","86"
"2023-08-23T12:41:49.195196","goodbys","87"
"2023-08-23T12:41:50.431295","goodbys","88"
"2023-08-23T12:41:51.674208","goodbys","89"
"2023-08-23T12:41:52.894048","goodbys","90"
"2023-08-23T12:41:54.110307","goodbys","91"
"2023-08-23T12:41:55.329788","goodbys","92"
"2023-08-23T12:41:56.559812","goodbys","93"
"2023-08-23T12:41:57.806508","goodbys","94"
"2023-08-23T12:41:59.034123","goodbys","95"
"2023-08-23T12:42:00.268107","goodbys","96"
"2023-08-23T12:42:01.462396","goodbys","97"
"2023-08-23T12:42:02.688988","goodbys","98"
"2023-08-23T12:42:03.908331","goodbys","99"
"2023-08-23T12:42:05.173229","goodbys","100"
"2023-08-23T12:42:06.384212","goodbys","101"
"2023-08-23T12:42:07.611519","goodbys","102"
"2023-08-23T12:42:08.837231","goodbys","103"
"2023-08-23T12:42:10.114278","goodbys","104"
"2023-08-23T12:42:11.336316","goodbys","105"
"2023-08-23T12:42:12.563041","goodbys","106"
"2023-08-23T12:42:13.807703","goodbys","107"
"2023-08-23T12:42:15.070366","goodbys","108"
"2023-08-23T12:42:16.256348","goodbys","109"
"2023-08-23T12:42:17.482626","goodbys","110"
"2023-08-23T12:42:18.698402","goodbys","111"
"2023-08-23T12:42:19.930793","goodbys","112"
"2023-08-23T12:42:21.198986","goodbys","113"
"2023-08-23T12:42:22.424677","goodbys","114"
"2023-08-23T12:42:23.649818","goodbys","115"
"2023-08-23T12:42:24.912910","goodbys","116"
"2023-08-23T12:42:26.130635","goodbys","117"
"2023-08-23T12:42:27.353557","goodbys","118"
"2023-08-23T12:42:28.582260","goodbys","119"
"2023-08-23T12:42:29.783372","goodbys","120"
"2023-08-23T12:42:30.998959","goodbys","121"
"2023-08-23T12:42:32.196766","goodbys","122"
"2023-08-23T12:42:33.415828","goodbys","123"
"2023-08-23T12:42:34.624623","goodbys","124"
"2023-08-23T12:42:35.821449","goodbys","125"
"2023-08-23T12:42:37.033204","goodbys","126"
"2023-08-23T12:42:38.244356","goodbys","127"
"2023-08-23T12:42:39.451012","goodbys","128"
"2023-08-23T12:42:40.665216","goodbys","129"
"2023-08-23T12:42:41.885400","goodbys","130"
"2023-08-23T12:42:43.114783","goodbys","131"
"2023-08-23T12:42:44.319303","goodbys","132"
"2023-08-23T12:42:45.527958","goodbys","133"
"2023-08-23T12:42:46.744465","goodbys","134"
"2023-08-23T12:42:47.989640","goodbys","135"
"2023-08-23T12:42:49.200435","goodbys","136"
"2023-08-23T12:42:50.405318","goodbys","137"
"2023-08-23T12:42:51.624494","goodbys","138"
"2023-08-23T12:42:52.847787","goodbys","139"
"2023-08-23T12:42:54.066433","goodbys","140"
"2023-08-23T12:42:55.295567","goodbys","141"
"2023-08-23T12:42:56.510928","goodbys","142"
"2023-08-23T12:42:57.722522","goodbys","143"
"2023-08-23T12:42:58.924606","goodbys","144"
"2023-08-23T12:43:00.167504","goodbys","145"
"2023-08-23T12:43:01.406043","goodbys","146"
"2023-08-23T12:43:02.614329","goodbys","147"
"2023-08-23T12:43:03.839111","goodbys","148"
"2023-08-23T12:43:05.059897","goodbys","149"
"2023-08-23T12:43:06.269671","goodbys","150"
"2023-08-23T12:43:07.477930","goodbys","151"
"2023-08-23T12:43:08.682785","goodbys","152"
"2023-08-23T12:43:09.893280","goodbys","153"
"2023-08-23T12:43:11.114820","goodbys","154"
"2023-08-23T12:43:12.378127","goodbys","155"
"2023-08-23T12:43:13.570183","goodbys","156"
"2023-08-23T12:43:14.767644","goodbys","157"
